{"cameraMode":{"drawMode":0,"name":"Shaded","section":"Shading Mode"},"sceneLighting":true,"audioPlay":false,"sceneViewState":{"m_AlwaysRefresh":false,"showFog":true,"showSkybox":true,"showFlares":true,"showImageEffects":true,"showParticleSystems":true,"showVisualEffectGraphs":true,"m_FxEnabled":true},"in2DMode":false,"pivot":{"x":-0.7340140342712402,"y":0.4696340560913086,"z":0.47252702713012698},"rotation":{"x":-0.08640178292989731,"y":0.8881941437721252,"z":-0.18681512773036958,"w":-0.41078874468803408},"size":5.760255813598633,"orthographic":false}