{"cameraMode":{"drawMode":0,"name":"Shaded","section":"Shading Mode"},"sceneLighting":true,"audioPlay":false,"sceneViewState":{"m_AlwaysRefresh":false,"showFog":true,"showSkybox":true,"showFlares":true,"showImageEffects":true,"showParticleSystems":true,"showVisualEffectGraphs":true,"m_FxEnabled":true},"in2DMode":false,"pivot":{"x":0.9005877375602722,"y":2.0219390392303469,"z":0.06027686595916748},"rotation":{"x":0.039227209985256198,"y":0.049704164266586307,"z":0.0019164353143423796,"w":-0.9980249404907227},"size":-0.0004204303550068289,"orthographic":false}