{"cameraMode":{"drawMode":0,"name":"Shaded","section":"Shading Mode"},"sceneLighting":true,"audioPlay":false,"sceneViewState":{"m_AlwaysRefresh":false,"showFog":true,"showSkybox":true,"showFlares":true,"showImageEffects":true,"showParticleSystems":true,"showVisualEffectGraphs":true,"m_FxEnabled":true},"in2DMode":false,"pivot":{"x":35.37840270996094,"y":3.987905979156494,"z":-34.18560028076172},"rotation":{"x":-0.006904040463268757,"y":0.9573427438735962,"z":0.023898042738437654,"w":0.2880156338214874},"size":27.028945922851564,"orthographic":false}